row, col, value
11, 27, 4
11, 28, 4
12, 26, 4
12, 27, 4
12, 28, 4
13, 25, 4
13, 26, 4
13, 27, 4
13, 28, 4
14, 24, 4
14, 25, 4
14, 26, 4
14, 27, 4
14, 28, 4
15, 23, 4
15, 24, 4
15, 25, 4
15, 26, 4
15, 27, 4
15, 28, 4
16, 22, 4
16, 23, 4
16, 24, 4
16, 25, 4
16, 26, 4
16, 27, 4
16, 28, 4
17, 21, 4
17, 22, 4
17, 23, 4
17, 24, 4
17, 25, 4
17, 26, 4
17, 27, 4
17, 28, 4
17, 44, 8
17, 45, 8
17, 46, 8
17, 47, 8
17, 48, 8
17, 49, 8
17, 50, 8
17, 51, 8
17, 52, 8
17, 53, 8
17, 54, 8
17, 55, 8
17, 56, 8
17, 57, 8
17, 58, 8
17, 59, 8
17, 60, 8
17, 61, 8
18, 20, 4
18, 21, 4
18, 22, 4
18, 23, 4
18, 24, 4
18, 25, 4
18, 26, 4
18, 27, 4
18, 28, 4
18, 33, 8
18, 34, 8
18, 35, 8
18, 36, 8
18, 37, 8
18, 38, 8
18, 39, 8
18, 40, 8
18, 41, 8
18, 42, 8
18, 43, 8
18, 44, 8
18, 45, 8
18, 46, 8
18, 47, 8
18, 48, 8
18, 49, 8
18, 50, 8
18, 51, 8
18, 52, 8
18, 53, 8
18, 54, 8
18, 55, 8
18, 56, 8
18, 57, 8
18, 58, 8
18, 59, 8
18, 60, 8
18, 61, 8
18, 62, 8
18, 63, 8
18, 64, 8
18, 65, 8
18, 66, 8
18, 67, 8
18, 68, 8
19, 19, 4
19, 20, 4
19, 21, 4
19, 22, 4
19, 23, 4
19, 24, 4
19, 25, 4
19, 26, 4
19, 27, 4
19, 28, 4
19, 32, 8
19, 33, 8
19, 34, 8
19, 35, 8
19, 36, 8
19, 37, 8
19, 38, 8
19, 39, 8
19, 40, 8
19, 41, 8
19, 42, 8
19, 43, 8
19, 44, 8
19, 45, 8
19, 46, 8
19, 47, 8
19, 48, 8
19, 49, 8
19, 50, 8
19, 51, 8
19, 52, 8
19, 53, 8
19, 54, 8
19, 55, 8
19, 56, 8
19, 57, 8
19, 58, 8
19, 59, 8
19, 60, 8
19, 61, 8
19, 62, 8
19, 63, 8
19, 64, 8
19, 65, 8
19, 66, 8
19, 67, 8
19, 68, 8
19, 69, 8
19, 70, 8
20, 18, 4
20, 19, 4
20, 20, 4
20, 21, 4
20, 22, 4
20, 23, 4
20, 24, 4
20, 25, 4
20, 26, 4
20, 27, 4
20, 28, 4
20, 31, 8
20, 32, 8
20, 33, 8
20, 34, 8
20, 35, 8
20, 36, 8
20, 37, 8
20, 38, 8
20, 39, 8
20, 40, 8
20, 41, 8
20, 42, 8
20, 43, 8
20, 44, 8
20, 45, 8
20, 46, 8
20, 47, 8
20, 48, 8
20, 49, 8
20, 50, 8
20, 51, 8
20, 52, 8
20, 53, 8
20, 54, 8
20, 55, 8
20, 56, 8
20, 57, 8
20, 58, 8
20, 59, 8
20, 60, 8
20, 61, 8
20, 62, 8
20, 63, 8
20, 64, 8
20, 65, 8
20, 66, 8
20, 67, 8
20, 68, 8
20, 69, 8
20, 70, 8
20, 71, 8
20, 72, 8
21, 17, 4
21, 18, 4
21, 19, 4
21, 20, 4
21, 21, 4
21, 22, 4
21, 23, 4
21, 24, 4
21, 25, 4
21, 26, 4
21, 27, 4
21, 28, 4
21, 31, 8
21, 32, 8
21, 33, 8
21, 34, 8
21, 35, 8
21, 36, 8
21, 37, 8
21, 38, 8
21, 39, 8
21, 40, 8
21, 41, 8
21, 42, 8
21, 43, 8
21, 44, 8
21, 45, 8
21, 46, 8
21, 47, 8
21, 48, 8
21, 49, 8
21, 50, 8
21, 51, 8
21, 52, 8
21, 53, 8
21, 54, 8
21, 55, 8
21, 56, 8
21, 57, 8
21, 58, 8
21, 59, 8
21, 60, 8
21, 61, 8
21, 62, 8
21, 63, 8
21, 64, 8
21, 65, 8
21, 66, 8
21, 67, 8
21, 68, 8
21, 69, 8
21, 70, 8
21, 71, 8
21, 72, 8
21, 73, 8
21, 74, 8
22, 16, 4
22, 17, 4
22, 18, 4
22, 19, 4
22, 20, 4
22, 21, 4
22, 22, 4
22, 23, 4
22, 24, 4
22, 25, 4
22, 26, 4
22, 27, 4
22, 28, 4
22, 31, 8
22, 32, 8
22, 33, 8
22, 34, 8
22, 35, 8
22, 36, 8
22, 37, 8
22, 38, 8
22, 39, 8
22, 40, 8
22, 41, 8
22, 42, 8
22, 43, 8
22, 44, 8
22, 45, 8
22, 46, 8
22, 47, 8
22, 48, 8
22, 49, 8
22, 50, 8
22, 51, 8
22, 52, 8
22, 53, 8
22, 54, 8
22, 55, 8
22, 56, 8
22, 57, 8
22, 58, 8
22, 59, 8
22, 60, 8
22, 61, 8
22, 62, 8
22, 63, 8
22, 64, 8
22, 65, 8
22, 66, 8
22, 67, 8
22, 68, 8
22, 69, 8
22, 70, 8
22, 71, 8
22, 72, 8
22, 73, 8
22, 74, 8
22, 75, 8
22, 76, 8
23, 14, 4
23, 15, 4
23, 16, 4
23, 17, 4
23, 18, 4
23, 19, 4
23, 20, 4
23, 21, 4
23, 22, 4
23, 23, 4
23, 24, 4
23, 25, 4
23, 26, 4
23, 27, 4
23, 28, 4
23, 31, 8
23, 32, 8
23, 33, 8
23, 34, 8
23, 35, 8
23, 36, 8
23, 37, 8
23, 38, 8
23, 39, 8
23, 40, 8
23, 41, 8
23, 42, 8
23, 43, 8
23, 44, 8
23, 45, 8
23, 46, 8
23, 47, 8
23, 48, 8
23, 49, 8
23, 50, 8
23, 51, 8
23, 52, 8
23, 53, 8
23, 54, 8
23, 55, 8
23, 56, 8
23, 57, 8
23, 58, 8
23, 59, 8
23, 60, 8
23, 61, 8
23, 62, 8
23, 63, 8
23, 64, 8
23, 65, 8
23, 66, 8
23, 67, 8
23, 68, 8
23, 69, 8
23, 70, 8
23, 71, 8
23, 72, 8
23, 73, 8
23, 74, 8
23, 75, 8
23, 76, 8
23, 77, 8
23, 78, 8
24, 13, 4
24, 14, 4
24, 15, 4
24, 16, 4
24, 17, 4
24, 18, 4
24, 19, 4
24, 20, 4
24, 21, 4
24, 22, 4
24, 23, 4
24, 24, 4
24, 25, 4
24, 26, 4
24, 27, 4
24, 28, 4
24, 31, 8
24, 32, 8
24, 33, 8
24, 34, 8
24, 35, 8
24, 36, 8
24, 37, 8
24, 38, 8
24, 39, 8
24, 40, 8
24, 41, 8
24, 42, 8
24, 43, 8
24, 44, 8
24, 45, 8
24, 46, 8
24, 47, 8
24, 48, 8
24, 49, 8
24, 50, 8
24, 51, 8
24, 52, 8
24, 53, 8
24, 54, 8
24, 55, 8
24, 56, 8
24, 57, 8
24, 58, 8
24, 59, 8
24, 60, 8
24, 61, 8
24, 62, 8
24, 63, 8
24, 64, 8
24, 65, 8
24, 66, 8
24, 67, 8
24, 68, 8
24, 69, 8
24, 70, 8
24, 71, 8
24, 72, 8
24, 73, 8
24, 74, 8
24, 75, 8
24, 76, 8
24, 77, 8
24, 78, 8
24, 79, 8
25, 12, 4
25, 13, 4
25, 14, 4
25, 15, 4
25, 16, 4
25, 17, 4
25, 18, 4
25, 19, 4
25, 20, 4
25, 21, 4
25, 22, 4
25, 23, 4
25, 24, 4
25, 25, 4
25, 26, 4
25, 27, 4
25, 28, 4
25, 29, 4
25, 31, 8
25, 32, 8
25, 33, 8
25, 34, 8
25, 35, 8
25, 36, 8
25, 37, 8
25, 38, 8
25, 39, 8
25, 40, 8
25, 41, 8
25, 42, 8
25, 43, 8
25, 44, 8
25, 45, 8
25, 46, 8
25, 47, 8
25, 48, 8
25, 49, 8
25, 50, 8
25, 51, 8
25, 52, 8
25, 53, 8
25, 54, 8
25, 55, 8
25, 56, 8
25, 57, 8
25, 58, 8
25, 59, 8
25, 60, 8
25, 61, 8
25, 62, 8
25, 63, 8
25, 64, 8
25, 65, 8
25, 66, 8
25, 67, 8
25, 68, 8
25, 69, 8
25, 70, 8
25, 71, 8
25, 72, 8
25, 73, 8
25, 74, 8
25, 75, 8
25, 76, 8
25, 77, 8
25, 78, 8
25, 79, 8
25, 80, 8
26, 11, 4
26, 12, 4
26, 13, 4
26, 14, 4
26, 15, 4
26, 16, 4
26, 17, 4
26, 18, 4
26, 19, 4
26, 20, 4
26, 21, 4
26, 22, 4
26, 23, 4
26, 24, 4
26, 25, 4
26, 26, 4
26, 27, 4
26, 28, 4
26, 29, 4
26, 31, 8
26, 32, 8
26, 33, 8
26, 34, 8
26, 35, 8
26, 36, 8
26, 37, 8
26, 38, 8
26, 39, 8
26, 40, 8
26, 41, 8
26, 42, 8
26, 43, 8
26, 44, 8
26, 45, 8
26, 46, 8
26, 47, 8
26, 48, 8
26, 49, 8
26, 50, 8
26, 51, 8
26, 52, 8
26, 53, 8
26, 54, 8
26, 55, 8
26, 56, 8
26, 57, 8
26, 58, 8
26, 59, 8
26, 60, 8
26, 61, 8
26, 62, 8
26, 63, 8
26, 64, 8
26, 65, 8
26, 66, 8
26, 67, 8
26, 68, 8
26, 69, 8
26, 70, 8
26, 71, 8
26, 72, 8
26, 73, 8
26, 74, 8
26, 75, 8
26, 76, 8
26, 77, 8
26, 78, 8
26, 79, 8
26, 80, 8
27, 10, 4
27, 11, 4
27, 12, 4
27, 13, 4
27, 14, 4
27, 15, 4
27, 16, 4
27, 17, 4
27, 18, 4
27, 19, 4
27, 20, 4
27, 21, 4
27, 22, 4
27, 23, 4
27, 24, 4
27, 25, 4
27, 26, 4
27, 27, 4
27, 28, 4
27, 29, 4
27, 31, 8
27, 32, 8
27, 33, 8
27, 34, 8
27, 35, 8
27, 36, 8
27, 37, 8
27, 38, 8
27, 39, 8
27, 40, 8
27, 41, 8
27, 42, 8
27, 43, 8
27, 44, 8
27, 45, 8
27, 46, 8
27, 47, 8
27, 48, 8
27, 49, 8
27, 50, 8
27, 51, 8
27, 52, 8
27, 53, 8
27, 54, 8
27, 55, 8
27, 56, 8
27, 57, 8
27, 58, 8
27, 59, 8
27, 60, 8
27, 61, 8
27, 62, 8
27, 63, 8
27, 64, 8
27, 65, 8
27, 66, 8
27, 67, 8
27, 68, 8
27, 69, 8
27, 70, 8
27, 71, 8
27, 72, 8
27, 73, 8
27, 74, 8
27, 75, 8
27, 76, 8
27, 77, 8
27, 78, 8
27, 79, 8
27, 80, 8
28, 9, 4
28, 10, 4
28, 11, 4
28, 12, 4
28, 13, 4
28, 14, 4
28, 15, 4
28, 16, 4
28, 17, 4
28, 18, 4
28, 19, 4
28, 20, 4
28, 21, 4
28, 22, 4
28, 23, 4
28, 24, 4
28, 25, 4
28, 26, 4
28, 27, 4
28, 28, 4
28, 29, 4
28, 31, 8
28, 32, 8
28, 33, 8
28, 34, 8
28, 35, 8
28, 36, 8
28, 37, 8
28, 38, 8
28, 39, 8
28, 40, 8
28, 41, 8
28, 42, 8
28, 43, 8
28, 44, 8
28, 45, 8
28, 46, 8
28, 47, 8
28, 48, 8
28, 49, 8
28, 50, 8
28, 51, 8
28, 52, 8
28, 53, 8
28, 54, 8
28, 55, 8
28, 56, 8
28, 57, 8
28, 58, 8
28, 59, 8
28, 60, 8
28, 61, 8
28, 62, 8
28, 63, 8
28, 64, 8
28, 65, 8
28, 66, 8
28, 67, 8
28, 68, 8
28, 69, 8
28, 70, 8
28, 71, 8
28, 72, 8
28, 73, 8
28, 74, 8
28, 75, 8
28, 76, 8
28, 77, 8
28, 78, 8
28, 79, 8
28, 80, 8
29, 8, 4
29, 9, 4
29, 10, 4
29, 11, 4
29, 12, 4
29, 13, 4
29, 14, 4
29, 15, 4
29, 16, 4
29, 17, 4
29, 18, 4
29, 19, 4
29, 20, 4
29, 21, 4
29, 22, 4
29, 23, 4
29, 24, 4
29, 25, 4
29, 26, 4
29, 27, 4
29, 28, 4
29, 29, 4
29, 31, 8
29, 32, 8
29, 33, 8
29, 34, 8
29, 35, 8
29, 36, 8
29, 37, 8
29, 38, 8
29, 39, 8
29, 40, 8
29, 41, 8
29, 42, 8
29, 43, 8
29, 44, 8
29, 45, 8
29, 46, 8
29, 47, 8
29, 48, 8
29, 49, 8
29, 50, 8
29, 51, 8
29, 52, 8
29, 53, 8
29, 54, 8
29, 55, 8
29, 56, 8
29, 57, 8
29, 58, 8
29, 59, 8
29, 60, 8
29, 61, 8
29, 62, 8
29, 63, 8
29, 64, 8
29, 65, 8
29, 66, 8
29, 67, 8
29, 68, 8
29, 69, 8
29, 70, 8
29, 71, 8
29, 72, 8
29, 73, 8
29, 74, 8
29, 75, 8
29, 76, 8
29, 77, 8
29, 78, 8
29, 79, 8
29, 80, 8
30, 7, 4
30, 8, 4
30, 9, 4
30, 10, 4
30, 11, 4
30, 12, 4
30, 13, 4
30, 14, 4
30, 15, 4
30, 16, 4
30, 17, 4
30, 18, 4
30, 19, 4
30, 20, 4
30, 21, 4
30, 22, 4
30, 23, 4
30, 24, 4
30, 25, 4
30, 26, 4
30, 27, 4
30, 28, 4
30, 29, 4
30, 31, 8
30, 32, 8
30, 33, 8
30, 34, 8
30, 35, 8
30, 36, 8
30, 37, 8
30, 38, 8
30, 39, 8
30, 40, 8
30, 41, 8
30, 42, 8
30, 43, 8
30, 44, 8
30, 45, 8
30, 46, 8
30, 47, 8
30, 48, 8
30, 49, 8
30, 50, 8
30, 51, 8
30, 52, 8
30, 53, 8
30, 54, 8
30, 55, 8
30, 56, 8
30, 57, 8
30, 58, 8
30, 59, 8
30, 60, 8
30, 61, 8
30, 62, 8
30, 63, 8
30, 64, 8
30, 65, 8
30, 66, 8
30, 67, 8
30, 68, 8
30, 69, 8
30, 70, 8
30, 71, 8
30, 72, 8
30, 73, 8
30, 74, 8
30, 75, 8
30, 76, 8
30, 77, 8
30, 78, 8
30, 79, 8
30, 80, 8
31, 6, 4
31, 7, 4
31, 8, 4
31, 9, 4
31, 10, 4
31, 11, 4
31, 12, 4
31, 13, 4
31, 14, 4
31, 15, 4
31, 16, 4
31, 17, 4
31, 18, 4
31, 19, 4
31, 20, 4
31, 21, 4
31, 22, 4
31, 23, 4
31, 24, 4
31, 25, 4
31, 26, 4
31, 27, 4
31, 28, 4
31, 29, 4
31, 31, 8
31, 32, 8
31, 33, 8
31, 34, 8
31, 35, 8
31, 36, 8
31, 37, 8
31, 38, 8
31, 39, 8
31, 40, 8
31, 41, 8
31, 42, 8
31, 43, 8
31, 44, 8
31, 45, 8
31, 46, 8
31, 47, 8
31, 48, 8
31, 49, 8
31, 50, 8
31, 51, 8
31, 52, 8
31, 53, 8
31, 54, 8
31, 55, 8
31, 56, 8
31, 57, 8
31, 58, 8
31, 59, 8
31, 60, 8
31, 61, 8
31, 62, 8
31, 63, 8
31, 64, 8
31, 65, 8
31, 66, 8
31, 67, 8
31, 68, 8
31, 69, 8
31, 70, 8
31, 71, 8
31, 72, 8
31, 73, 8
31, 74, 8
31, 75, 8
31, 76, 8
31, 77, 8
31, 78, 8
31, 79, 8
31, 80, 8
32, 5, 4
32, 6, 4
32, 7, 4
32, 8, 4
32, 9, 4
32, 10, 4
32, 11, 4
32, 12, 4
32, 13, 4
32, 14, 4
32, 15, 4
32, 16, 4
32, 17, 4
32, 18, 4
32, 19, 4
32, 20, 4
32, 21, 4
32, 22, 4
32, 23, 4
32, 24, 4
32, 25, 4
32, 26, 4
32, 27, 4
32, 28, 4
32, 29, 4
32, 31, 8
32, 32, 8
32, 33, 8
32, 34, 8
32, 35, 8
32, 36, 8
32, 37, 8
32, 38, 8
32, 39, 8
32, 40, 8
32, 41, 8
32, 42, 8
32, 43, 8
32, 44, 8
32, 45, 8
32, 46, 8
32, 47, 8
32, 48, 8
32, 49, 8
32, 50, 8
32, 51, 8
32, 52, 8
32, 53, 8
32, 54, 8
32, 55, 8
32, 56, 8
32, 57, 8
32, 58, 8
32, 59, 8
32, 60, 8
32, 61, 8
32, 62, 8
32, 63, 8
32, 64, 8
32, 65, 8
32, 66, 8
32, 67, 8
32, 68, 8
32, 69, 8
32, 70, 8
32, 71, 8
32, 72, 8
32, 73, 8
32, 74, 8
32, 75, 8
32, 76, 8
32, 77, 8
32, 78, 8
32, 79, 8
32, 80, 8
33, 4, 4
33, 5, 4
33, 6, 4
33, 7, 4
33, 8, 4
33, 9, 4
33, 10, 4
33, 11, 4
33, 12, 4
33, 13, 4
33, 14, 4
33, 15, 4
33, 16, 4
33, 17, 4
33, 18, 4
33, 19, 4
33, 20, 4
33, 21, 4
33, 22, 4
33, 23, 4
33, 24, 4
33, 25, 4
33, 26, 4
33, 27, 4
33, 28, 4
33, 29, 4
33, 31, 8
33, 32, 8
33, 33, 8
33, 34, 8
33, 35, 8
33, 36, 8
33, 37, 8
33, 38, 8
33, 39, 8
33, 40, 8
33, 41, 8
33, 42, 8
33, 43, 8
33, 44, 8
33, 45, 8
33, 46, 8
33, 47, 8
33, 48, 8
33, 49, 8
33, 50, 8
33, 51, 8
33, 52, 8
33, 53, 8
33, 54, 8
33, 55, 8
33, 56, 8
33, 57, 8
33, 58, 8
33, 59, 8
33, 60, 8
33, 61, 8
33, 62, 8
33, 63, 8
33, 64, 8
33, 65, 8
33, 66, 8
33, 67, 8
33, 68, 8
33, 69, 8
33, 70, 8
33, 71, 8
33, 72, 8
33, 73, 8
33, 74, 8
33, 75, 8
33, 76, 8
33, 77, 8
33, 78, 8
33, 79, 8
33, 80, 8
34, 3, 4
34, 4, 4
34, 5, 4
34, 6, 4
34, 7, 4
34, 8, 4
34, 9, 4
34, 10, 4
34, 11, 4
34, 12, 4
34, 13, 4
34, 14, 4
34, 15, 4
34, 16, 4
34, 17, 4
34, 18, 4
34, 19, 4
34, 20, 4
34, 21, 4
34, 22, 4
34, 23, 4
34, 24, 4
34, 25, 4
34, 26, 4
34, 27, 4
34, 28, 4
34, 29, 4
34, 31, 8
34, 32, 8
34, 33, 8
34, 34, 8
34, 35, 8
34, 36, 8
34, 37, 8
34, 38, 8
34, 39, 8
34, 40, 8
34, 41, 8
34, 42, 8
34, 43, 8
34, 44, 8
34, 45, 8
34, 46, 8
34, 47, 8
34, 48, 8
34, 49, 8
34, 50, 8
34, 51, 8
34, 52, 8
34, 53, 8
34, 54, 8
34, 55, 8
34, 56, 8
34, 57, 8
34, 58, 8
34, 59, 8
34, 60, 8
34, 61, 8
34, 62, 8
34, 63, 8
34, 64, 8
34, 65, 8
34, 66, 8
34, 67, 8
34, 68, 8
34, 69, 8
34, 70, 8
34, 71, 8
34, 72, 8
34, 73, 8
34, 74, 8
34, 75, 8
34, 76, 8
34, 77, 8
34, 78, 8
34, 79, 8
34, 80, 8
35, 2, 4
35, 3, 4
35, 4, 4
35, 5, 4
35, 6, 4
35, 7, 4
35, 8, 4
35, 9, 4
35, 10, 4
35, 11, 4
35, 12, 4
35, 13, 4
35, 14, 4
35, 15, 4
35, 16, 4
35, 17, 4
35, 18, 4
35, 19, 4
35, 20, 4
35, 21, 4
35, 22, 4
35, 23, 4
35, 24, 4
35, 25, 4
35, 26, 4
35, 27, 4
35, 28, 4
35, 29, 4
35, 31, 8
35, 32, 8
35, 33, 8
35, 34, 8
35, 35, 8
35, 36, 8
35, 37, 8
35, 38, 8
35, 39, 8
35, 40, 8
35, 41, 8
35, 42, 8
35, 43, 8
35, 44, 8
35, 45, 8
35, 46, 8
35, 47, 8
35, 48, 8
35, 49, 8
35, 50, 8
35, 51, 8
35, 52, 8
35, 53, 8
35, 54, 8
35, 55, 8
35, 56, 8
35, 57, 8
35, 58, 8
35, 59, 8
35, 60, 8
35, 61, 8
35, 62, 8
35, 63, 8
35, 64, 8
35, 65, 8
35, 66, 8
35, 67, 8
35, 68, 8
35, 69, 8
35, 70, 8
35, 71, 8
35, 72, 8
35, 73, 8
35, 74, 8
35, 75, 8
35, 76, 8
35, 77, 8
35, 78, 8
35, 79, 8
35, 80, 8
36, 1, 4
36, 2, 4
36, 3, 4
36, 4, 4
36, 5, 4
36, 6, 4
36, 7, 4
36, 8, 4
36, 9, 4
36, 10, 4
36, 11, 4
36, 12, 4
36, 13, 4
36, 14, 4
36, 15, 4
36, 16, 4
36, 17, 4
36, 18, 4
36, 19, 4
36, 20, 4
36, 21, 4
36, 22, 4
36, 23, 4
36, 24, 4
36, 25, 4
36, 26, 4
36, 27, 4
36, 28, 4
36, 29, 4
36, 31, 8
36, 32, 8
36, 33, 8
36, 34, 8
36, 35, 8
36, 36, 8
36, 37, 8
36, 38, 8
36, 39, 8
36, 40, 8
36, 41, 8
36, 42, 8
36, 43, 8
36, 44, 8
36, 45, 8
36, 46, 8
36, 47, 8
36, 48, 8
36, 49, 8
36, 50, 8
36, 51, 8
36, 52, 8
36, 53, 8
36, 54, 8
36, 55, 8
36, 56, 8
36, 57, 8
36, 58, 8
36, 59, 8
36, 60, 8
36, 61, 8
36, 62, 8
36, 63, 8
36, 64, 8
36, 65, 8
36, 66, 8
36, 67, 8
36, 68, 8
36, 69, 8
36, 70, 8
36, 71, 8
36, 72, 8
36, 73, 8
36, 74, 8
36, 75, 8
36, 76, 8
36, 77, 8
36, 78, 8
36, 79, 8
36, 80, 8
37, 1, 4
37, 2, 4
37, 3, 4
37, 4, 4
37, 5, 4
37, 6, 4
37, 7, 4
37, 8, 4
37, 9, 4
37, 10, 4
37, 11, 4
37, 12, 4
37, 13, 4
37, 14, 4
37, 15, 4
37, 16, 4
37, 17, 4
37, 18, 4
37, 19, 4
37, 20, 4
37, 21, 4
37, 22, 4
37, 23, 4
37, 24, 4
37, 25, 4
37, 26, 4
37, 27, 4
37, 28, 4
37, 29, 4
37, 31, 8
37, 32, 8
37, 33, 8
37, 34, 8
37, 35, 8
37, 36, 8
37, 37, 8
37, 38, 8
37, 39, 8
37, 40, 8
37, 41, 8
37, 42, 8
37, 43, 8
37, 44, 8
37, 45, 8
37, 46, 8
37, 47, 8
37, 48, 8
37, 49, 8
37, 50, 8
37, 51, 8
37, 52, 8
37, 53, 8
37, 54, 8
37, 55, 8
37, 56, 8
37, 57, 8
37, 58, 8
37, 59, 8
37, 60, 8
37, 61, 8
37, 62, 8
37, 63, 8
37, 64, 8
37, 65, 8
37, 66, 8
37, 67, 8
37, 68, 8
37, 69, 8
37, 70, 8
37, 71, 8
37, 72, 8
37, 73, 8
37, 74, 8
37, 75, 8
37, 76, 8
37, 77, 8
37, 78, 8
37, 79, 8
37, 80, 8
38, 1, 4
38, 2, 4
38, 3, 4
38, 4, 4
38, 5, 4
38, 6, 4
38, 7, 4
38, 8, 4
38, 9, 4
38, 10, 4
38, 11, 4
38, 12, 4
38, 13, 4
38, 14, 4
38, 15, 4
38, 16, 4
38, 17, 4
38, 18, 4
38, 19, 4
38, 20, 4
38, 21, 4
38, 22, 4
38, 23, 4
38, 24, 4
38, 25, 4
38, 26, 4
38, 27, 4
38, 28, 4
38, 29, 4
38, 31, 8
38, 32, 8
38, 33, 8
38, 34, 8
38, 35, 8
38, 36, 8
38, 37, 8
38, 38, 8
38, 39, 8
38, 40, 8
38, 41, 8
38, 42, 8
38, 43, 8
38, 44, 8
38, 45, 8
38, 46, 8
38, 47, 8
38, 48, 8
38, 49, 8
38, 50, 8
38, 51, 8
38, 52, 8
38, 53, 8
38, 54, 8
38, 55, 8
38, 56, 8
38, 57, 8
38, 58, 8
38, 59, 8
38, 60, 8
38, 61, 8
38, 62, 8
38, 63, 8
38, 64, 8
38, 65, 8
38, 66, 8
38, 67, 8
38, 68, 8
38, 69, 8
38, 70, 8
38, 71, 8
38, 72, 8
38, 73, 8
38, 74, 8
38, 75, 8
38, 76, 8
38, 77, 8
38, 78, 8
38, 79, 8
38, 80, 8
39, 1, 4
39, 2, 4
39, 3, 4
39, 4, 4
39, 5, 4
39, 6, 4
39, 7, 4
39, 8, 4
39, 9, 4
39, 10, 4
39, 11, 4
39, 12, 4
39, 13, 4
39, 14, 4
39, 15, 4
39, 16, 4
39, 17, 4
39, 18, 4
39, 19, 4
39, 20, 4
39, 21, 4
39, 22, 4
39, 23, 4
39, 24, 4
39, 25, 4
39, 26, 4
39, 27, 4
39, 28, 4
39, 29, 4
39, 31, 8
39, 32, 8
39, 33, 8
39, 34, 8
39, 35, 8
39, 36, 8
39, 37, 8
39, 38, 8
39, 39, 8
39, 40, 8
39, 41, 8
39, 42, 8
39, 43, 8
39, 44, 8
39, 45, 8
39, 46, 8
39, 47, 8
39, 48, 8
39, 49, 8
39, 50, 8
39, 51, 8
39, 52, 8
39, 53, 8
39, 54, 8
39, 55, 8
39, 56, 8
39, 57, 8
39, 58, 8
39, 59, 8
39, 60, 8
39, 61, 8
39, 62, 8
39, 63, 8
39, 64, 8
39, 65, 8
39, 66, 8
39, 67, 8
39, 68, 8
39, 69, 8
39, 70, 8
39, 71, 8
39, 72, 8
39, 73, 8
39, 74, 8
39, 75, 8
39, 76, 8
39, 77, 8
39, 78, 8
39, 79, 8
39, 80, 8
40, 1, 4
40, 2, 4
40, 3, 4
40, 4, 4
40, 5, 4
40, 6, 4
40, 7, 4
40, 8, 4
40, 9, 4
40, 10, 4
40, 11, 4
40, 12, 4
40, 13, 4
40, 14, 4
40, 15, 4
40, 16, 4
40, 17, 4
40, 18, 4
40, 19, 4
40, 20, 4
40, 21, 4
40, 22, 4
40, 23, 4
40, 24, 4
40, 25, 4
40, 26, 4
40, 27, 4
40, 28, 4
40, 29, 4
40, 30, 4
40, 31, 8
40, 32, 8
40, 33, 8
40, 34, 8
40, 35, 8
40, 36, 8
40, 37, 8
40, 38, 8
40, 39, 8
40, 40, 8
40, 41, 8
40, 42, 8
40, 43, 8
40, 44, 8
40, 45, 8
40, 46, 8
40, 47, 8
40, 48, 8
40, 49, 8
40, 50, 8
40, 51, 8
40, 52, 8
40, 53, 8
40, 54, 8
40, 55, 8
40, 56, 8
40, 57, 8
40, 58, 8
40, 59, 8
40, 60, 8
40, 61, 8
40, 62, 8
40, 63, 8
40, 64, 8
40, 65, 8
40, 66, 8
40, 67, 8
40, 68, 8
40, 69, 8
40, 70, 8
40, 71, 8
40, 72, 8
40, 73, 8
40, 74, 8
40, 75, 8
40, 76, 8
40, 77, 8
40, 78, 8
40, 79, 8
40, 80, 8
41, 1, 4
41, 2, 4
41, 3, 4
41, 4, 4
41, 5, 4
41, 6, 4
41, 7, 4
41, 8, 4
41, 9, 4
41, 10, 4
41, 11, 4
41, 12, 4
41, 13, 4
41, 14, 4
41, 15, 4
41, 16, 4
41, 17, 4
41, 18, 4
41, 19, 4
41, 20, 4
41, 21, 4
41, 22, 4
41, 23, 4
41, 24, 4
41, 25, 4
41, 26, 4
41, 27, 4
41, 28, 4
41, 29, 4
41, 30, 4
41, 31, 8
41, 32, 8
41, 33, 8
41, 34, 8
41, 35, 8
41, 36, 8
41, 37, 8
41, 38, 8
41, 39, 8
41, 40, 8
41, 41, 8
41, 42, 8
41, 43, 8
41, 44, 8
41, 45, 8
41, 46, 8
41, 47, 8
41, 48, 8
41, 49, 8
41, 50, 8
41, 51, 8
41, 52, 8
41, 53, 8
41, 54, 8
41, 55, 8
41, 56, 8
41, 57, 8
41, 58, 8
41, 59, 8
41, 60, 8
41, 61, 8
41, 62, 8
41, 63, 8
41, 64, 8
41, 65, 8
41, 66, 8
41, 67, 8
41, 68, 8
41, 69, 8
41, 70, 8
41, 71, 8
41, 72, 8
41, 73, 8
41, 74, 8
41, 75, 8
41, 76, 8
41, 77, 8
41, 78, 8
41, 79, 8
41, 80, 8
42, 1, 4
42, 2, 4
42, 3, 4
42, 4, 4
42, 5, 4
42, 6, 4
42, 7, 4
42, 8, 4
42, 9, 4
42, 10, 4
42, 11, 4
42, 12, 4
42, 13, 4
42, 14, 4
42, 15, 4
42, 16, 4
42, 17, 4
42, 18, 4
42, 19, 4
42, 20, 4
42, 21, 4
42, 22, 4
42, 23, 4
42, 24, 4
42, 25, 4
42, 26, 4
42, 27, 4
42, 28, 4
42, 29, 4
42, 30, 4
42, 31, 8
42, 32, 8
42, 33, 8
42, 34, 8
42, 35, 8
42, 36, 8
42, 37, 8
42, 38, 8
42, 39, 8
42, 40, 8
42, 41, 8
42, 42, 8
42, 43, 8
42, 44, 8
42, 45, 8
42, 46, 8
42, 47, 8
42, 48, 8
42, 49, 8
42, 50, 8
42, 51, 8
42, 52, 8
42, 53, 8
42, 54, 8
42, 55, 8
42, 56, 8
42, 57, 8
42, 58, 8
42, 59, 8
42, 60, 8
42, 61, 8
42, 62, 8
42, 63, 8
42, 64, 8
42, 65, 8
42, 66, 8
42, 67, 8
42, 68, 8
42, 69, 8
42, 70, 8
42, 71, 8
42, 72, 8
42, 73, 8
42, 74, 8
42, 75, 8
42, 76, 8
42, 77, 8
42, 78, 8
42, 79, 8
42, 80, 8
43, 1, 4
43, 2, 4
43, 3, 4
43, 4, 4
43, 5, 4
43, 6, 4
43, 7, 4
43, 8, 4
43, 9, 4
43, 10, 4
43, 11, 4
43, 12, 4
43, 13, 4
43, 14, 4
43, 15, 4
43, 16, 4
43, 17, 4
43, 18, 4
43, 19, 4
43, 20, 4
43, 21, 4
43, 22, 4
43, 23, 4
43, 24, 4
43, 25, 4
43, 26, 4
43, 27, 4
43, 28, 4
43, 29, 4
43, 30, 4
43, 31, 8
43, 32, 8
43, 33, 8
43, 34, 8
43, 35, 8
43, 36, 8
43, 37, 8
43, 38, 8
43, 39, 8
43, 40, 8
43, 41, 8
43, 42, 8
43, 43, 8
43, 44, 8
43, 45, 8
43, 46, 8
43, 47, 8
43, 48, 8
43, 49, 8
43, 50, 8
43, 51, 8
43, 52, 8
43, 53, 8
43, 54, 8
43, 55, 8
43, 56, 8
43, 57, 8
43, 58, 8
43, 59, 8
43, 60, 8
43, 61, 8
43, 62, 8
43, 63, 8
43, 64, 8
43, 65, 8
43, 66, 8
43, 67, 8
43, 68, 8
43, 69, 8
43, 70, 8
43, 71, 8
43, 72, 8
43, 73, 8
43, 74, 8
43, 75, 8
43, 76, 8
43, 77, 8
43, 78, 8
43, 79, 8
43, 80, 8
44, 1, 4
44, 2, 4
44, 3, 4
44, 4, 4
44, 5, 4
44, 6, 4
44, 7, 4
44, 8, 4
44, 9, 4
44, 10, 4
44, 11, 4
44, 12, 4
44, 13, 4
44, 14, 4
44, 15, 4
44, 16, 4
44, 17, 4
44, 18, 4
44, 19, 4
44, 20, 4
44, 21, 4
44, 22, 4
44, 23, 4
44, 24, 4
44, 25, 4
44, 26, 4
44, 27, 4
44, 28, 4
44, 29, 4
44, 30, 4
44, 31, 8
44, 32, 8
44, 33, 8
44, 34, 8
44, 35, 8
44, 36, 8
44, 37, 8
44, 38, 8
44, 39, 8
44, 40, 8
44, 41, 8
44, 42, 8
44, 43, 8
44, 44, 8
44, 45, 8
44, 46, 8
44, 47, 8
44, 48, 8
44, 49, 8
44, 50, 8
44, 51, 8
44, 52, 8
44, 53, 8
44, 54, 8
44, 55, 8
44, 56, 8
44, 57, 8
44, 58, 8
44, 59, 8
44, 60, 8
44, 61, 8
44, 62, 8
44, 63, 8
44, 64, 8
44, 65, 8
44, 66, 8
44, 67, 8
44, 68, 8
44, 69, 8
44, 70, 8
44, 71, 8
44, 72, 8
44, 73, 8
44, 74, 8
44, 75, 8
44, 76, 8
44, 77, 8
44, 78, 8
44, 79, 8
44, 80, 8
45, 1, 4
45, 2, 4
45, 3, 4
45, 4, 4
45, 5, 4
45, 6, 4
45, 7, 4
45, 8, 4
45, 9, 4
45, 10, 4
45, 11, 4
45, 12, 4
45, 13, 4
45, 14, 4
45, 15, 4
45, 16, 4
45, 17, 4
45, 18, 4
45, 19, 4
45, 20, 4
45, 21, 4
45, 22, 4
45, 23, 4
45, 24, 4
45, 25, 4
45, 26, 4
45, 27, 4
45, 28, 4
45, 29, 4
45, 30, 4
45, 31, 8
45, 32, 8
45, 33, 8
45, 34, 8
45, 35, 8
45, 36, 8
45, 37, 8
45, 38, 8
45, 39, 8
45, 40, 8
45, 41, 8
45, 42, 8
45, 43, 8
45, 44, 8
45, 45, 8
45, 46, 8
45, 47, 8
45, 48, 8
45, 49, 8
45, 50, 8
45, 51, 8
45, 52, 8
45, 53, 8
45, 54, 8
45, 55, 8
45, 56, 8
45, 57, 8
45, 58, 8
45, 59, 8
45, 60, 8
45, 61, 8
45, 62, 8
45, 63, 8
45, 64, 8
45, 65, 8
45, 66, 8
45, 67, 8
45, 68, 8
45, 69, 8
45, 70, 8
45, 71, 8
45, 72, 8
45, 73, 8
45, 74, 8
45, 75, 8
45, 76, 8
45, 77, 8
45, 78, 8
45, 79, 8
45, 80, 8
46, 1, 4
46, 2, 4
46, 3, 4
46, 4, 4
46, 5, 4
46, 6, 4
46, 7, 4
46, 8, 4
46, 9, 4
46, 10, 4
46, 11, 4
46, 12, 4
46, 13, 4
46, 14, 4
46, 15, 4
46, 16, 4
46, 17, 4
46, 18, 4
46, 19, 4
46, 20, 4
46, 21, 4
46, 22, 4
46, 23, 4
46, 24, 4
46, 25, 4
46, 26, 4
46, 27, 4
46, 28, 4
46, 29, 4
46, 30, 4
46, 31, 8
46, 32, 8
46, 33, 8
46, 34, 8
46, 35, 8
46, 36, 8
46, 37, 8
46, 38, 8
46, 39, 8
46, 40, 8
46, 41, 8
46, 42, 8
46, 43, 8
46, 44, 8
46, 45, 8
46, 46, 8
46, 47, 8
46, 48, 8
46, 49, 8
46, 50, 8
46, 51, 8
46, 52, 8
46, 53, 8
46, 54, 8
46, 55, 8
46, 56, 8
46, 57, 8
46, 58, 8
46, 59, 8
46, 60, 8
46, 61, 8
46, 62, 8
46, 63, 8
46, 64, 8
46, 65, 8
46, 66, 8
46, 67, 8
46, 68, 8
46, 69, 8
46, 70, 8
46, 71, 8
46, 72, 8
46, 73, 8
46, 74, 8
46, 75, 8
46, 76, 8
46, 77, 8
46, 78, 8
46, 79, 8
46, 80, 8
47, 1, 4
47, 2, 4
47, 3, 4
47, 4, 4
47, 5, 4
47, 6, 4
47, 7, 4
47, 8, 4
47, 9, 4
47, 10, 4
47, 11, 4
47, 12, 4
47, 13, 4
47, 14, 4
47, 15, 4
47, 16, 4
47, 17, 4
47, 18, 4
47, 19, 4
47, 20, 4
47, 21, 4
47, 22, 4
47, 23, 4
47, 24, 4
47, 25, 4
47, 26, 4
47, 27, 4
47, 28, 4
47, 29, 4
47, 30, 4
47, 31, 8
47, 32, 8
47, 33, 8
47, 34, 8
47, 35, 8
47, 36, 8
47, 37, 8
47, 38, 8
47, 39, 8
47, 40, 8
47, 41, 8
47, 42, 8
47, 43, 8
47, 44, 8
47, 45, 8
47, 46, 8
47, 47, 8
47, 48, 8
47, 49, 8
47, 50, 8
47, 51, 8
47, 52, 8
47, 53, 8
47, 54, 8
47, 55, 8
47, 56, 8
47, 57, 8
47, 58, 8
47, 59, 8
47, 60, 8
47, 61, 8
47, 62, 8
47, 63, 8
47, 64, 8
47, 65, 8
47, 66, 8
47, 67, 8
47, 68, 8
47, 69, 8
47, 70, 8
47, 71, 8
47, 72, 8
47, 73, 8
47, 74, 8
47, 75, 8
47, 76, 8
47, 77, 8
47, 78, 8
47, 79, 8
47, 80, 8
48, 1, 4
48, 2, 4
48, 3, 4
48, 4, 4
48, 5, 4
48, 6, 4
48, 7, 4
48, 8, 4
48, 9, 4
48, 10, 4
48, 11, 4
48, 12, 4
48, 13, 4
48, 14, 4
48, 15, 4
48, 16, 4
48, 17, 4
48, 18, 4
48, 19, 4
48, 20, 4
48, 21, 4
48, 22, 4
48, 23, 4
48, 24, 4
48, 25, 4
48, 26, 4
48, 27, 4
48, 28, 4
48, 29, 4
48, 30, 4
48, 31, 8
48, 32, 8
48, 33, 8
48, 34, 8
48, 35, 8
48, 36, 8
48, 37, 8
48, 38, 8
48, 39, 8
48, 40, 8
48, 41, 8
48, 42, 8
48, 43, 8
48, 44, 8
48, 45, 8
48, 46, 8
48, 47, 8
48, 48, 8
48, 49, 8
48, 50, 8
48, 51, 8
48, 52, 8
48, 53, 8
48, 54, 8
48, 55, 8
48, 56, 8
48, 57, 8
48, 58, 8
48, 59, 8
48, 60, 8
48, 61, 8
48, 62, 8
48, 63, 8
48, 64, 8
48, 65, 8
48, 66, 8
48, 67, 8
48, 68, 8
48, 69, 8
48, 70, 8
48, 71, 8
48, 72, 8
48, 73, 8
48, 74, 8
48, 75, 8
48, 76, 8
48, 77, 8
48, 78, 8
48, 79, 8
48, 80, 8
49, 1, 4
49, 2, 4
49, 3, 4
49, 4, 4
49, 5, 4
49, 6, 4
49, 7, 4
49, 8, 4
49, 9, 4
49, 10, 4
49, 11, 4
49, 12, 4
49, 13, 4
49, 14, 4
49, 15, 4
49, 16, 4
49, 17, 4
49, 18, 4
49, 19, 4
49, 20, 4
49, 21, 4
49, 22, 4
49, 23, 4
49, 24, 4
49, 25, 4
49, 26, 4
49, 27, 4
49, 28, 4
49, 29, 4
49, 30, 4
49, 31, 8
49, 32, 8
49, 33, 8
49, 34, 8
49, 35, 8
49, 36, 8
49, 37, 8
49, 38, 8
49, 39, 8
49, 40, 8
49, 41, 8
49, 42, 8
49, 43, 8
49, 44, 8
49, 45, 8
49, 46, 8
49, 47, 8
49, 48, 8
49, 49, 8
49, 50, 8
49, 51, 8
49, 52, 8
49, 53, 8
49, 54, 8
49, 55, 8
49, 56, 8
49, 57, 8
49, 58, 8
49, 59, 8
49, 60, 8
49, 61, 8
49, 62, 8
49, 63, 8
49, 64, 8
49, 65, 8
49, 66, 8
49, 67, 8
49, 68, 8
49, 69, 8
49, 70, 8
49, 71, 8
49, 72, 8
49, 73, 8
49, 74, 8
49, 75, 8
49, 76, 8
49, 77, 8
49, 78, 8
49, 79, 8
49, 80, 8
50, 1, 4
50, 2, 4
50, 3, 4
50, 4, 4
50, 5, 4
50, 6, 4
50, 7, 4
50, 8, 4
50, 9, 4
50, 10, 4
50, 11, 4
50, 12, 4
50, 13, 4
50, 14, 4
50, 15, 4
50, 16, 4
50, 17, 4
50, 18, 4
50, 19, 4
50, 20, 4
50, 21, 4
50, 22, 4
50, 23, 4
50, 24, 4
50, 25, 4
50, 26, 4
50, 27, 4
50, 28, 4
50, 29, 4
50, 30, 4
50, 31, 8
50, 32, 8
50, 33, 8
50, 34, 8
50, 35, 8
50, 36, 8
50, 37, 8
50, 38, 8
50, 39, 8
50, 40, 8
50, 41, 8
50, 42, 8
50, 43, 8
50, 44, 8
50, 45, 8
50, 46, 8
50, 47, 8
50, 48, 8
50, 49, 8
50, 50, 8
50, 51, 8
50, 52, 8
50, 53, 8
50, 54, 8
50, 55, 8
50, 56, 8
50, 57, 8
50, 58, 8
50, 59, 8
50, 60, 8
50, 61, 8
50, 62, 8
50, 63, 8
50, 64, 8
50, 65, 8
50, 66, 8
50, 67, 8
50, 68, 8
50, 69, 8
50, 70, 8
50, 71, 8
50, 72, 8
50, 73, 8
50, 74, 8
50, 75, 8
50, 76, 8
50, 77, 8
50, 78, 8
50, 79, 8
50, 80, 8
51, 1, 4
51, 2, 4
51, 3, 4
51, 4, 4
51, 5, 4
51, 6, 4
51, 7, 4
51, 8, 4
51, 9, 4
51, 10, 4
51, 11, 4
51, 12, 4
51, 13, 4
51, 14, 4
51, 15, 4
51, 16, 4
51, 17, 4
51, 18, 4
51, 19, 4
51, 20, 4
51, 21, 4
51, 22, 4
51, 23, 4
51, 24, 4
51, 25, 4
51, 26, 4
51, 27, 4
51, 28, 4
51, 29, 4
51, 30, 4
51, 31, 8
51, 32, 8
51, 33, 8
51, 34, 8
51, 35, 8
51, 36, 8
51, 37, 8
51, 38, 8
51, 39, 8
51, 40, 8
51, 41, 8
51, 42, 8
51, 43, 8
51, 44, 8
51, 45, 8
51, 46, 8
51, 47, 8
51, 48, 8
51, 49, 8
51, 50, 8
51, 51, 8
51, 52, 8
51, 53, 8
51, 54, 8
51, 55, 8
51, 56, 8
51, 57, 8
51, 58, 8
51, 59, 8
51, 60, 8
51, 61, 8
51, 62, 8
51, 63, 8
51, 64, 8
51, 65, 8
51, 66, 8
51, 67, 8
51, 68, 8
51, 69, 8
51, 70, 8
51, 71, 8
51, 72, 8
51, 73, 8
51, 74, 8
51, 75, 8
51, 76, 8
51, 77, 8
51, 78, 8
51, 79, 8
51, 80, 8
52, 1, 4
52, 2, 4
52, 3, 4
52, 4, 4
52, 5, 4
52, 6, 4
52, 7, 4
52, 8, 4
52, 9, 4
52, 10, 4
52, 11, 4
52, 12, 4
52, 13, 4
52, 14, 4
52, 15, 4
52, 16, 4
52, 17, 4
52, 18, 4
52, 19, 4
52, 20, 4
52, 21, 4
52, 22, 4
52, 23, 4
52, 24, 4
52, 25, 4
52, 26, 4
52, 27, 4
52, 28, 4
52, 29, 4
52, 30, 4
52, 31, 8
52, 32, 8
52, 33, 8
52, 34, 8
52, 35, 8
52, 36, 8
52, 37, 8
52, 38, 8
52, 39, 8
52, 40, 8
52, 41, 8
52, 42, 8
52, 43, 8
52, 44, 8
52, 45, 8
52, 46, 8
52, 47, 8
52, 48, 8
52, 49, 8
52, 50, 8
52, 51, 8
52, 52, 8
52, 53, 8
52, 54, 8
52, 55, 8
52, 56, 8
52, 57, 8
52, 58, 8
52, 59, 8
52, 60, 8
52, 61, 8
52, 62, 8
52, 63, 8
52, 64, 8
52, 65, 8
52, 66, 8
52, 67, 8
52, 68, 8
52, 69, 8
52, 70, 8
52, 71, 8
52, 72, 8
52, 73, 8
52, 74, 8
52, 75, 8
52, 76, 8
52, 77, 8
52, 78, 8
52, 79, 8
52, 80, 8
53, 1, 4
53, 2, 4
53, 3, 4
53, 4, 4
53, 5, 4
53, 6, 4
53, 7, 4
53, 8, 4
53, 9, 4
53, 10, 4
53, 11, 4
53, 12, 4
53, 13, 4
53, 14, 4
53, 15, 4
53, 16, 4
53, 17, 4
53, 18, 4
53, 19, 4
53, 20, 4
53, 21, 4
53, 22, 4
53, 23, 4
53, 24, 4
53, 25, 4
53, 26, 4
53, 27, 4
53, 28, 4
53, 29, 4
53, 30, 4
53, 31, 8
53, 32, 8
53, 33, 8
53, 34, 8
53, 35, 8
53, 36, 8
53, 37, 8
53, 38, 8
53, 39, 8
53, 40, 8
53, 41, 8
53, 42, 8
53, 43, 8
53, 44, 8
53, 45, 8
53, 46, 8
53, 47, 8
53, 48, 8
53, 49, 8
53, 50, 8
53, 51, 8
53, 52, 8
53, 53, 8
53, 54, 8
53, 55, 8
53, 56, 8
53, 57, 8
53, 58, 8
53, 59, 8
53, 60, 8
53, 61, 8
53, 62, 8
53, 63, 8
53, 64, 8
53, 65, 8
53, 66, 8
53, 67, 8
53, 68, 8
53, 69, 8
53, 70, 8
53, 71, 8
53, 72, 8
53, 73, 8
53, 74, 8
53, 75, 8
53, 76, 8
53, 77, 8
53, 78, 8
53, 79, 8
53, 80, 8
54, 1, 4
54, 2, 4
54, 3, 4
54, 4, 4
54, 5, 4
54, 6, 4
54, 7, 4
54, 8, 4
54, 9, 4
54, 10, 4
54, 11, 4
54, 12, 4
54, 13, 4
54, 14, 4
54, 15, 4
54, 16, 4
54, 17, 4
54, 18, 4
54, 19, 4
54, 20, 4
54, 21, 4
54, 22, 4
54, 23, 4
54, 24, 4
54, 25, 4
54, 26, 4
54, 27, 4
54, 28, 4
54, 29, 4
54, 30, 4
54, 31, 8
54, 32, 8
54, 33, 8
54, 34, 8
54, 35, 8
54, 36, 8
54, 37, 8
54, 38, 8
54, 39, 8
54, 40, 8
54, 41, 8
54, 42, 8
54, 43, 8
54, 44, 8
54, 45, 8
54, 46, 8
54, 47, 8
54, 48, 8
54, 49, 8
54, 50, 8
54, 51, 8
54, 52, 8
54, 53, 8
54, 54, 8
54, 55, 8
54, 56, 8
54, 57, 8
54, 58, 8
54, 59, 8
54, 60, 8
54, 61, 8
54, 62, 8
54, 63, 8
54, 64, 8
54, 65, 8
54, 66, 8
54, 67, 8
54, 68, 8
54, 69, 8
54, 70, 8
54, 71, 8
54, 72, 8
54, 73, 8
54, 74, 8
54, 75, 8
54, 76, 8
54, 77, 8
54, 78, 8
54, 79, 8
54, 80, 8
55, 1, 4
55, 2, 4
55, 3, 4
55, 4, 4
55, 5, 4
55, 6, 4
55, 7, 4
55, 8, 4
55, 9, 4
55, 10, 4
55, 11, 4
55, 12, 4
55, 13, 4
55, 14, 4
55, 15, 4
55, 16, 4
55, 17, 4
55, 18, 4
55, 19, 4
55, 20, 4
55, 21, 4
55, 22, 4
55, 23, 4
55, 24, 4
55, 25, 4
55, 26, 4
55, 27, 4
55, 28, 4
55, 29, 4
55, 30, 4
55, 31, 8
55, 32, 8
55, 33, 8
55, 34, 8
55, 35, 8
55, 36, 8
55, 37, 8
55, 38, 8
55, 39, 8
55, 40, 8
55, 41, 8
55, 42, 8
55, 43, 8
55, 44, 8
55, 45, 8
55, 46, 8
55, 47, 8
55, 48, 8
55, 49, 8
55, 50, 8
55, 51, 8
55, 52, 8
55, 53, 8
55, 54, 8
55, 55, 8
55, 56, 8
55, 57, 8
55, 58, 8
55, 59, 8
55, 60, 8
55, 61, 8
55, 62, 8
55, 63, 8
55, 64, 8
55, 65, 8
55, 66, 8
55, 67, 8
55, 68, 8
55, 69, 8
55, 70, 8
55, 71, 8
55, 72, 8
55, 73, 8
55, 74, 8
55, 75, 8
55, 76, 8
55, 77, 8
55, 78, 8
55, 79, 8
55, 80, 8
56, 1, 4
56, 2, 4
56, 3, 4
56, 4, 4
56, 5, 4
56, 6, 4
56, 7, 4
56, 8, 4
56, 9, 4
56, 10, 4
56, 11, 4
56, 12, 4
56, 13, 4
56, 14, 4
56, 15, 4
56, 16, 4
56, 17, 4
56, 18, 4
56, 19, 4
56, 20, 4
56, 21, 4
56, 22, 4
56, 23, 4
56, 24, 4
56, 25, 4
56, 26, 4
56, 27, 4
56, 28, 4
56, 29, 4
56, 30, 4
56, 31, 8
56, 32, 8
56, 33, 8
56, 34, 8
56, 35, 8
56, 36, 8
56, 37, 8
56, 38, 8
56, 39, 8
56, 40, 8
56, 41, 8
56, 42, 8
56, 43, 8
56, 44, 8
56, 45, 8
56, 46, 8
56, 47, 8
56, 48, 8
56, 49, 8
56, 50, 8
56, 51, 8
56, 52, 8
56, 53, 8
56, 54, 8
56, 55, 8
56, 56, 8
56, 57, 8
56, 58, 8
56, 59, 8
56, 60, 8
56, 61, 8
56, 62, 8
56, 63, 8
56, 64, 8
56, 65, 8
56, 66, 8
56, 67, 8
56, 68, 8
56, 69, 8
56, 70, 8
56, 71, 8
56, 72, 8
56, 73, 8
56, 74, 8
56, 75, 8
56, 76, 8
56, 77, 8
56, 78, 8
56, 79, 8
56, 80, 8
57, 1, 4
57, 2, 4
57, 3, 4
57, 4, 4
57, 5, 4
57, 6, 4
57, 7, 4
57, 8, 4
57, 9, 4
57, 10, 4
57, 11, 4
57, 12, 4
57, 13, 4
57, 14, 4
57, 15, 4
57, 16, 4
57, 17, 4
57, 18, 4
57, 19, 4
57, 20, 4
57, 21, 4
57, 22, 4
57, 23, 4
57, 24, 4
57, 25, 4
57, 26, 4
57, 27, 4
57, 28, 4
57, 29, 4
57, 30, 4
57, 31, 8
57, 32, 8
57, 33, 8
57, 34, 8
57, 35, 8
57, 36, 8
57, 37, 8
57, 38, 8
57, 39, 8
57, 40, 8
57, 41, 8
57, 42, 8
57, 43, 8
57, 44, 8
57, 45, 8
57, 46, 8
57, 47, 8
57, 48, 8
57, 49, 8
57, 50, 8
57, 51, 8
57, 52, 8
57, 53, 8
57, 54, 8
57, 55, 8
57, 56, 8
57, 57, 8
57, 58, 8
57, 59, 8
57, 60, 8
57, 61, 8
57, 62, 8
57, 63, 8
57, 64, 8
57, 65, 8
57, 66, 8
57, 67, 8
57, 68, 8
57, 69, 8
57, 70, 8
57, 71, 8
57, 72, 8
57, 73, 8
57, 74, 8
57, 75, 8
57, 76, 8
57, 77, 8
57, 78, 8
57, 79, 8
57, 80, 8
58, 1, 4
58, 2, 4
58, 3, 4
58, 4, 4
58, 5, 4
58, 6, 4
58, 7, 4
58, 8, 4
58, 9, 4
58, 10, 4
58, 11, 4
58, 12, 4
58, 13, 4
58, 14, 4
58, 15, 4
58, 16, 4
58, 17, 4
58, 18, 4
58, 19, 4
58, 20, 4
58, 21, 4
58, 22, 4
58, 23, 4
58, 24, 4
58, 25, 4
58, 26, 4
58, 27, 4
58, 28, 4
58, 29, 4
58, 30, 4
58, 31, 8
58, 32, 8
58, 33, 8
58, 34, 8
58, 35, 8
58, 36, 8
58, 37, 8
58, 38, 8
58, 39, 8
58, 40, 8
58, 41, 8
58, 42, 8
58, 43, 8
58, 44, 8
58, 45, 8
58, 46, 8
58, 47, 8
58, 48, 8
58, 49, 8
58, 50, 8
58, 51, 8
58, 52, 8
58, 53, 8
58, 54, 8
58, 55, 8
58, 56, 8
58, 57, 8
58, 58, 8
58, 59, 8
58, 60, 8
58, 61, 8
58, 62, 8
58, 63, 8
58, 64, 8
58, 65, 8
58, 66, 8
58, 67, 8
58, 68, 8
58, 69, 8
58, 70, 8
58, 71, 8
58, 72, 8
58, 73, 8
58, 74, 8
58, 75, 8
58, 76, 8
58, 77, 8
58, 78, 8
58, 79, 8
58, 80, 8
59, 1, 4
59, 2, 4
59, 3, 4
59, 4, 4
59, 5, 4
59, 6, 4
59, 7, 4
59, 8, 4
59, 9, 4
59, 10, 4
59, 11, 4
59, 12, 4
59, 13, 4
59, 14, 4
59, 15, 4
59, 16, 4
59, 17, 4
59, 18, 4
59, 19, 4
59, 20, 4
59, 21, 4
59, 22, 4
59, 23, 4
59, 24, 4
59, 25, 4
59, 26, 4
59, 27, 4
59, 28, 4
59, 29, 4
59, 30, 4
59, 31, 8
59, 32, 8
59, 33, 8
59, 34, 8
59, 35, 8
59, 36, 8
59, 37, 8
59, 38, 8
59, 39, 8
59, 40, 8
59, 41, 8
59, 42, 8
59, 43, 8
59, 44, 8
59, 45, 8
59, 46, 8
59, 47, 8
59, 48, 8
59, 49, 8
59, 50, 8
59, 51, 8
59, 52, 8
59, 53, 8
59, 54, 8
59, 55, 8
59, 56, 8
59, 57, 8
59, 58, 8
59, 59, 8
59, 60, 8
59, 61, 8
59, 62, 8
59, 63, 8
59, 64, 8
59, 65, 8
59, 66, 8
59, 67, 8
59, 68, 8
59, 69, 8
59, 70, 8
59, 71, 8
59, 72, 8
59, 73, 8
59, 74, 8
59, 75, 8
59, 76, 8
59, 77, 8
59, 78, 8
59, 79, 8
59, 80, 8
60, 1, 4
60, 2, 4
60, 3, 4
60, 4, 4
60, 5, 4
60, 6, 4
60, 7, 4
60, 8, 4
60, 9, 4
60, 10, 4
60, 11, 4
60, 12, 4
60, 13, 4
60, 14, 4
60, 15, 4
60, 16, 4
60, 17, 4
60, 18, 4
60, 19, 4
60, 20, 4
60, 21, 4
60, 22, 4
60, 23, 4
60, 24, 4
60, 25, 4
60, 26, 4
60, 27, 4
60, 28, 4
60, 29, 4
60, 30, 4
60, 31, 8
60, 32, 8
60, 33, 8
60, 34, 8
60, 35, 8
60, 36, 8
60, 37, 8
60, 38, 8
60, 39, 8
60, 40, 8
60, 41, 8
60, 42, 8
60, 43, 8
60, 44, 8
60, 45, 8
60, 46, 8
60, 47, 8
60, 48, 8
60, 49, 8
60, 50, 8
60, 51, 8
60, 52, 8
60, 53, 8
60, 54, 8
60, 55, 8
60, 56, 8
60, 57, 8
60, 58, 8
60, 59, 8
60, 60, 8
60, 61, 8
60, 62, 8
60, 63, 8
60, 64, 8
60, 65, 8
60, 66, 8
60, 67, 8
60, 68, 8
60, 69, 8
60, 70, 8
60, 71, 8
60, 72, 8
60, 73, 8
60, 74, 8
60, 75, 8
60, 76, 8
60, 77, 8
60, 78, 8
60, 79, 8
60, 80, 8
61, 1, 4
61, 2, 4
61, 3, 4
61, 4, 4
61, 5, 4
61, 6, 4
61, 7, 4
61, 8, 4
61, 9, 4
61, 10, 4
61, 11, 4
61, 12, 4
61, 13, 4
61, 14, 4
61, 15, 4
61, 16, 4
61, 17, 4
61, 18, 4
61, 19, 4
61, 20, 4
61, 21, 4
61, 22, 4
61, 23, 4
61, 24, 4
61, 25, 4
61, 26, 4
61, 27, 4
61, 28, 4
61, 29, 4
61, 30, 4
61, 31, 8
61, 32, 8
61, 33, 8
61, 34, 8
61, 35, 8
61, 36, 8
61, 37, 8
61, 38, 8
61, 39, 8
61, 40, 8
61, 41, 8
61, 42, 8
61, 43, 8
61, 44, 8
61, 45, 8
61, 46, 8
61, 47, 8
61, 48, 8
61, 49, 8
61, 50, 8
61, 51, 8
61, 52, 8
61, 53, 8
61, 54, 8
61, 55, 8
61, 56, 8
61, 57, 8
61, 58, 8
61, 59, 8
61, 60, 8
61, 61, 8
61, 62, 8
61, 63, 8
61, 64, 8
61, 65, 8
61, 66, 8
61, 67, 8
61, 68, 8
61, 69, 8
61, 70, 8
61, 71, 8
61, 72, 8
61, 73, 8
61, 74, 8
61, 75, 8
61, 76, 8
61, 77, 8
61, 78, 8
61, 79, 8
61, 80, 8
62, 1, 4
62, 2, 4
62, 3, 4
62, 4, 4
62, 5, 4
62, 6, 4
62, 7, 4
62, 8, 4
62, 9, 4
62, 10, 4
62, 11, 4
62, 12, 4
62, 13, 4
62, 14, 4
62, 15, 4
62, 16, 4
62, 17, 4
62, 18, 4
62, 19, 4
62, 20, 4
62, 21, 4
62, 22, 4
62, 23, 4
62, 24, 4
62, 25, 4
62, 26, 4
62, 27, 4
62, 28, 4
62, 29, 4
62, 30, 4
62, 31, 8
62, 32, 8
62, 33, 8
62, 34, 8
62, 35, 8
62, 36, 8
62, 37, 8
62, 38, 8
62, 39, 8
62, 40, 8
62, 41, 8
62, 42, 8
62, 43, 8
62, 44, 8
62, 45, 8
62, 46, 8
62, 47, 8
62, 48, 8
62, 49, 8
62, 50, 8
62, 51, 8
62, 52, 8
62, 53, 8
62, 54, 8
62, 55, 8
62, 56, 8
62, 57, 8
62, 58, 8
62, 59, 8
62, 60, 8
62, 61, 8
62, 62, 8
62, 63, 8
62, 64, 8
62, 65, 8
62, 66, 8
62, 67, 8
62, 68, 8
62, 69, 8
62, 70, 8
62, 71, 8
62, 72, 8
62, 73, 8
62, 74, 8
62, 75, 8
62, 76, 8
62, 77, 8
62, 78, 8
62, 79, 8
62, 80, 8
63, 1, 4
63, 2, 4
63, 3, 4
63, 4, 4
63, 5, 4
63, 6, 4
63, 7, 4
63, 8, 4
63, 9, 4
63, 10, 4
63, 11, 4
63, 12, 4
63, 13, 4
63, 14, 4
63, 15, 4
63, 16, 4
63, 17, 4
63, 18, 4
63, 19, 4
63, 20, 4
63, 21, 4
63, 22, 4
63, 23, 4
63, 24, 4
63, 25, 4
63, 26, 4
63, 27, 4
63, 28, 4
63, 29, 4
63, 30, 4
63, 31, 8
63, 32, 8
63, 33, 8
63, 34, 8
63, 35, 8
63, 36, 8
63, 37, 8
63, 38, 8
63, 39, 8
63, 40, 8
63, 41, 8
63, 42, 8
63, 43, 8
63, 44, 8
63, 45, 8
63, 46, 8
63, 47, 8
63, 48, 8
63, 49, 8
63, 50, 8
63, 51, 8
63, 52, 8
63, 53, 8
63, 54, 8
63, 55, 8
63, 56, 8
63, 57, 8
63, 58, 8
63, 59, 8
63, 60, 8
63, 61, 8
63, 62, 8
63, 63, 8
63, 64, 8
63, 65, 8
63, 66, 8
63, 67, 8
63, 68, 8
63, 69, 8
63, 70, 8
63, 71, 8
63, 72, 8
63, 73, 8
63, 74, 8
63, 75, 8
63, 76, 8
63, 77, 8
63, 78, 8
63, 79, 8
63, 80, 8
64, 1, 4
64, 2, 4
64, 3, 4
64, 4, 4
64, 5, 4
64, 6, 4
64, 7, 4
64, 8, 4
64, 9, 4
64, 10, 4
64, 11, 4
64, 12, 4
64, 13, 4
64, 14, 4
64, 15, 4
64, 16, 4
64, 17, 4
64, 18, 4
64, 19, 4
64, 20, 4
64, 21, 4
64, 22, 4
64, 23, 4
64, 24, 4
64, 25, 4
64, 26, 4
64, 27, 4
64, 28, 4
64, 29, 4
64, 30, 4
64, 31, 8
64, 32, 8
64, 33, 8
64, 34, 8
64, 35, 8
64, 36, 8
64, 37, 8
64, 38, 8
64, 39, 8
64, 40, 8
64, 41, 8
64, 42, 8
64, 43, 8
64, 44, 8
64, 45, 8
64, 46, 8
64, 47, 8
64, 48, 8
64, 49, 8
64, 50, 8
64, 51, 8
64, 52, 8
64, 53, 8
64, 54, 8
64, 55, 8
64, 56, 8
64, 57, 8
64, 58, 8
64, 59, 8
64, 60, 8
64, 61, 8
64, 62, 8
64, 63, 8
64, 64, 8
64, 65, 8
64, 66, 8
64, 67, 8
64, 68, 8
64, 69, 8
64, 70, 8
64, 71, 8
64, 72, 8
64, 73, 8
64, 74, 8
64, 75, 8
64, 76, 8
64, 77, 8
64, 78, 8
64, 79, 8
64, 80, 8
65, 1, 4
65, 2, 4
65, 3, 4
65, 4, 4
65, 5, 4
65, 6, 4
65, 7, 4
65, 8, 4
65, 9, 4
65, 10, 4
65, 11, 4
65, 12, 4
65, 13, 4
65, 14, 4
65, 15, 4
65, 16, 4
65, 17, 4
65, 18, 4
65, 19, 4
65, 20, 4
65, 21, 4
65, 22, 4
65, 23, 4
65, 24, 4
65, 25, 4
65, 26, 4
65, 27, 4
65, 28, 4
65, 29, 4
65, 30, 4
65, 31, 8
65, 32, 8
65, 33, 8
65, 34, 8
65, 35, 8
65, 36, 8
65, 37, 8
65, 38, 8
65, 39, 8
65, 40, 8
65, 41, 8
65, 42, 8
65, 43, 8
65, 44, 8
65, 45, 8
65, 46, 8
65, 47, 8
65, 48, 8
65, 49, 8
65, 50, 8
65, 51, 8
65, 52, 8
65, 53, 8
65, 54, 8
65, 55, 8
65, 56, 8
65, 57, 8
65, 58, 8
65, 59, 8
65, 60, 8
65, 61, 8
65, 62, 8
65, 63, 8
65, 64, 8
65, 65, 8
65, 66, 8
65, 67, 8
65, 68, 8
65, 69, 8
65, 70, 8
65, 71, 8
65, 72, 8
65, 73, 8
65, 74, 8
65, 75, 8
65, 76, 8
65, 77, 8
65, 78, 8
65, 79, 8
65, 80, 8
66, 1, 4
66, 2, 4
66, 3, 4
66, 4, 4
66, 5, 4
66, 6, 4
66, 7, 4
66, 8, 4
66, 9, 4
66, 10, 4
66, 11, 4
66, 12, 4
66, 13, 4
66, 14, 4
66, 15, 4
66, 16, 4
66, 17, 4
66, 18, 4
66, 19, 4
66, 20, 4
66, 21, 4
66, 22, 4
66, 23, 4
66, 24, 4
66, 25, 4
66, 26, 4
66, 27, 4
66, 28, 4
66, 29, 4
66, 30, 4
66, 31, 8
66, 32, 8
66, 33, 8
66, 34, 8
66, 35, 8
66, 36, 8
66, 37, 8
66, 38, 8
66, 39, 8
66, 40, 8
66, 41, 8
66, 42, 8
66, 43, 8
66, 44, 8
66, 45, 8
66, 46, 8
66, 47, 8
66, 48, 8
66, 49, 8
66, 50, 8
66, 51, 8
66, 52, 8
66, 53, 8
66, 54, 8
66, 55, 8
66, 56, 8
66, 57, 8
66, 58, 8
66, 59, 8
66, 60, 8
66, 61, 8
66, 62, 8
66, 63, 8
66, 64, 8
66, 65, 8
66, 66, 8
66, 67, 8
66, 68, 8
66, 69, 8
66, 70, 8
66, 71, 8
66, 72, 8
66, 73, 8
66, 74, 8
66, 75, 8
66, 76, 8
66, 77, 8
66, 78, 8
66, 79, 8
66, 80, 8
67, 1, 4
67, 2, 4
67, 3, 4
67, 4, 4
67, 5, 4
67, 6, 4
67, 7, 4
67, 8, 4
67, 9, 4
67, 10, 4
67, 11, 4
67, 12, 4
67, 13, 4
67, 14, 4
67, 15, 4
67, 16, 4
67, 17, 4
67, 18, 4
67, 19, 4
67, 20, 4
67, 21, 4
67, 22, 4
67, 23, 4
67, 24, 4
67, 25, 4
67, 26, 4
67, 27, 4
67, 28, 4
67, 29, 4
67, 30, 4
67, 31, 8
67, 32, 8
67, 33, 8
67, 34, 8
67, 35, 8
67, 36, 8
67, 37, 8
67, 38, 8
67, 39, 8
67, 40, 8
67, 41, 8
67, 42, 8
67, 43, 8
67, 44, 8
67, 45, 8
67, 46, 8
67, 47, 8
67, 48, 8
67, 49, 8
67, 50, 8
67, 51, 8
67, 52, 8
67, 53, 8
67, 54, 8
67, 55, 8
67, 56, 8
67, 57, 8
67, 58, 8
67, 59, 8
67, 60, 8
67, 61, 8
67, 62, 8
67, 63, 8
67, 64, 8
67, 65, 8
67, 66, 8
67, 67, 8
67, 68, 8
67, 69, 8
67, 70, 8
67, 71, 8
67, 72, 8
67, 73, 8
67, 74, 8
67, 75, 8
67, 76, 8
67, 77, 8
67, 78, 8
67, 79, 8
67, 80, 8
68, 1, 4
68, 2, 4
68, 3, 4
68, 4, 4
68, 5, 4
68, 6, 4
68, 7, 4
68, 8, 4
68, 9, 4
68, 10, 4
68, 11, 4
68, 12, 4
68, 13, 4
68, 14, 4
68, 15, 4
68, 16, 4
68, 17, 4
68, 18, 4
68, 19, 4
68, 20, 4
68, 21, 4
68, 22, 4
68, 23, 4
68, 24, 4
68, 25, 4
68, 26, 4
68, 27, 4
68, 28, 4
68, 29, 4
68, 30, 4
68, 31, 8
68, 32, 8
68, 33, 8
68, 34, 8
68, 35, 8
68, 36, 8
68, 37, 8
68, 38, 8
68, 39, 8
68, 40, 8
68, 41, 8
68, 42, 8
68, 43, 8
68, 44, 8
68, 45, 8
68, 46, 8
68, 47, 8
68, 48, 8
68, 49, 8
68, 50, 8
68, 51, 8
68, 52, 8
68, 53, 8
68, 54, 8
68, 55, 8
68, 56, 8
68, 57, 8
68, 58, 8
68, 59, 8
68, 60, 8
68, 61, 8
68, 62, 8
68, 63, 8
68, 64, 8
68, 65, 8
68, 66, 8
68, 67, 8
68, 68, 8
68, 69, 8
68, 70, 8
68, 71, 8
68, 72, 8
68, 73, 8
68, 74, 8
68, 75, 8
68, 76, 8
68, 77, 8
68, 78, 8
68, 79, 8
68, 80, 8
69, 1, 4
69, 2, 4
69, 3, 4
69, 4, 4
69, 5, 4
69, 6, 4
69, 7, 4
69, 8, 4
69, 9, 4
69, 10, 4
69, 11, 4
69, 12, 4
69, 13, 4
69, 14, 4
69, 15, 4
69, 16, 4
69, 17, 4
69, 18, 4
69, 19, 4
69, 20, 4
69, 21, 4
69, 22, 4
69, 23, 4
69, 24, 4
69, 25, 4
69, 26, 4
69, 27, 4
69, 28, 4
69, 29, 4
69, 30, 4
69, 31, 8
69, 32, 8
69, 33, 8
69, 34, 8
69, 35, 8
69, 36, 8
69, 37, 8
69, 38, 8
69, 39, 8
69, 40, 8
69, 41, 8
69, 42, 8
69, 43, 8
69, 44, 8
69, 45, 8
69, 46, 8
69, 47, 8
69, 48, 8
69, 49, 8
69, 50, 8
69, 51, 8
69, 52, 8
69, 53, 8
69, 54, 8
69, 55, 8
69, 56, 8
69, 57, 8
69, 58, 8
69, 59, 8
69, 60, 8
69, 61, 8
69, 62, 8
69, 63, 8
69, 64, 8
69, 65, 8
69, 66, 8
69, 67, 8
69, 68, 8
69, 69, 8
69, 70, 8
69, 71, 8
69, 72, 8
69, 73, 8
69, 74, 8
69, 75, 8
69, 76, 8
69, 77, 8
69, 78, 8
69, 79, 8
69, 80, 8
70, 1, 4
70, 2, 4
70, 3, 4
70, 4, 4
70, 5, 4
70, 6, 4
70, 7, 4
70, 8, 4
70, 9, 4
70, 10, 4
70, 11, 4
70, 12, 4
70, 13, 4
70, 14, 4
70, 15, 4
70, 16, 4
70, 17, 4
70, 18, 4
70, 19, 4
70, 20, 4
70, 21, 4
70, 22, 4
70, 23, 4
70, 24, 4
70, 25, 4
70, 26, 4
70, 27, 4
70, 28, 4
70, 29, 4
70, 30, 4
70, 31, 8
70, 32, 8
70, 33, 8
70, 34, 8
70, 35, 8
70, 36, 8
70, 37, 8
70, 38, 8
70, 39, 8
70, 40, 8
70, 41, 8
70, 42, 8
70, 43, 8
70, 44, 8
70, 45, 8
70, 46, 8
70, 47, 8
70, 48, 8
70, 49, 8
70, 50, 8
70, 51, 8
70, 52, 8
70, 53, 8
70, 54, 8
70, 55, 8
70, 56, 8
70, 57, 8
70, 58, 8
70, 59, 8
70, 60, 8
70, 61, 8
70, 62, 8
70, 63, 8
70, 64, 8
70, 65, 8
70, 66, 8
70, 67, 8
70, 68, 8
70, 69, 8
70, 70, 8
70, 71, 8
70, 72, 8
70, 73, 8
70, 74, 8
70, 75, 8
70, 76, 8
70, 77, 8
70, 78, 8
70, 79, 8
70, 80, 8
71, 1, 4
71, 2, 4
71, 3, 4
71, 4, 4
71, 5, 4
71, 6, 4
71, 7, 4
71, 8, 4
71, 9, 4
71, 10, 4
71, 11, 4
71, 12, 4
71, 13, 4
71, 14, 4
71, 15, 4
71, 16, 4
71, 17, 4
71, 18, 4
71, 19, 4
71, 20, 4
71, 21, 4
71, 22, 4
71, 23, 4
71, 24, 4
71, 25, 4
71, 26, 4
71, 27, 4
71, 28, 4
71, 29, 4
71, 30, 4
71, 31, 8
71, 32, 8
71, 33, 8
71, 34, 8
71, 35, 8
71, 36, 8
71, 37, 8
71, 38, 8
71, 39, 8
71, 40, 8
71, 41, 8
71, 42, 8
71, 43, 8
71, 44, 8
71, 45, 8
71, 46, 8
71, 47, 8
71, 48, 8
71, 49, 8
71, 50, 8
71, 51, 8
71, 52, 8
71, 53, 8
71, 54, 8
71, 55, 8
71, 56, 8
71, 57, 8
71, 58, 8
71, 59, 8
71, 60, 8
71, 61, 8
71, 62, 8
71, 63, 8
71, 64, 8
71, 65, 8
71, 66, 8
71, 67, 8
71, 68, 8
71, 69, 8
71, 70, 8
71, 71, 8
71, 72, 8
71, 73, 8
71, 74, 8
71, 75, 8
71, 76, 8
71, 77, 8
71, 78, 8
71, 79, 8
71, 80, 8
72, 1, 4
72, 2, 4
72, 3, 4
72, 4, 4
72, 5, 4
72, 6, 4
72, 7, 4
72, 8, 4
72, 9, 4
72, 10, 4
72, 11, 4
72, 12, 4
72, 13, 4
72, 14, 4
72, 15, 4
72, 16, 4
72, 17, 4
72, 18, 4
72, 19, 4
72, 20, 4
72, 21, 4
72, 22, 4
72, 23, 4
72, 24, 4
72, 25, 4
72, 26, 4
72, 27, 4
72, 28, 4
72, 29, 4
72, 30, 4
72, 31, 8
72, 32, 8
72, 33, 8
72, 34, 8
72, 35, 8
72, 36, 8
72, 46, 8
72, 47, 8
72, 48, 8
72, 49, 8
72, 50, 8
72, 51, 8
72, 52, 8
72, 53, 8
72, 54, 8
72, 55, 8
72, 56, 8
72, 57, 8
72, 58, 8
72, 59, 8
72, 60, 8
72, 61, 8
72, 62, 8
72, 63, 8
72, 64, 8
72, 65, 8
72, 66, 8
72, 67, 8
72, 68, 8
72, 69, 8
72, 70, 8
72, 71, 8
72, 72, 8
72, 73, 8
72, 74, 8
72, 75, 8
72, 76, 8
72, 77, 8
72, 78, 8
72, 79, 8
72, 80, 8
73, 1, 4
73, 2, 4
73, 3, 4
73, 4, 4
73, 5, 4
73, 6, 4
73, 7, 4
73, 8, 4
73, 9, 4
73, 10, 4
73, 11, 4
73, 12, 4
73, 13, 4
73, 14, 4
73, 15, 4
73, 16, 4
73, 17, 4
73, 18, 4
73, 19, 4
73, 20, 4
73, 21, 4
73, 22, 4
73, 23, 4
73, 24, 4
73, 25, 4
73, 26, 4
73, 27, 4
73, 28, 4
73, 29, 4
73, 30, 4
73, 31, 8
73, 32, 8
73, 33, 8
73, 34, 8
73, 35, 8
73, 46, 8
73, 47, 8
73, 48, 8
73, 49, 8
73, 50, 8
73, 51, 8
73, 52, 8
73, 53, 8
73, 54, 8
73, 55, 8
73, 56, 8
73, 57, 8
73, 58, 8
73, 59, 8
73, 60, 8
73, 61, 8
73, 62, 8
73, 63, 8
73, 64, 8
73, 65, 8
73, 66, 8
73, 67, 8
73, 68, 8
73, 69, 8
73, 70, 8
73, 71, 8
73, 72, 8
73, 73, 8
73, 74, 8
73, 75, 8
73, 76, 8
73, 77, 8
73, 78, 8
73, 79, 8
73, 80, 8
74, 1, 4
74, 2, 4
74, 3, 4
74, 4, 4
74, 5, 4
74, 6, 4
74, 7, 4
74, 8, 4
74, 9, 4
74, 10, 4
74, 11, 4
74, 12, 4
74, 13, 4
74, 14, 4
74, 15, 4
74, 16, 4
74, 17, 4
74, 18, 4
74, 19, 4
74, 20, 4
74, 21, 4
74, 22, 4
74, 23, 4
74, 24, 4
74, 25, 4
74, 26, 4
74, 27, 4
74, 28, 4
74, 29, 4
74, 30, 4
74, 31, 8
74, 32, 8
74, 33, 8
74, 34, 8
74, 47, 8
74, 48, 8
74, 49, 8
74, 50, 8
74, 51, 8
74, 52, 8
74, 53, 8
74, 54, 8
74, 55, 8
74, 56, 8
74, 57, 8
74, 58, 8
74, 59, 8
74, 60, 8
74, 61, 8
74, 62, 8
74, 63, 8
74, 64, 8
74, 65, 8
74, 66, 8
74, 67, 8
74, 68, 8
74, 69, 8
74, 70, 8
74, 71, 8
74, 72, 8
74, 73, 8
74, 74, 8
74, 75, 8
74, 76, 8
74, 77, 8
74, 78, 8
74, 79, 8
74, 80, 8
75, 1, 4
75, 2, 4
75, 3, 4
75, 4, 4
75, 5, 4
75, 6, 4
75, 7, 4
75, 8, 4
75, 9, 4
75, 10, 4
75, 11, 4
75, 12, 4
75, 13, 4
75, 14, 4
75, 15, 4
75, 16, 4
75, 17, 4
75, 18, 4
75, 19, 4
75, 20, 4
75, 21, 4
75, 22, 4
75, 23, 4
75, 24, 4
75, 25, 4
75, 26, 4
75, 27, 4
75, 28, 4
75, 29, 4
75, 30, 4
75, 31, 8
75, 32, 8
75, 33, 8
75, 48, 8
75, 49, 8
75, 50, 8
75, 51, 8
75, 52, 8
75, 53, 8
75, 54, 8
75, 55, 8
75, 56, 8
75, 57, 8
75, 58, 8
75, 59, 8
75, 60, 8
75, 61, 8
75, 62, 8
75, 63, 8
75, 64, 8
75, 65, 8
75, 66, 8
75, 67, 8
75, 68, 8
75, 69, 8
75, 70, 8
75, 71, 8
75, 72, 8
75, 73, 8
75, 74, 8
75, 75, 8
75, 76, 8
75, 77, 8
75, 78, 8
75, 79, 8
75, 80, 8
76, 1, 4
76, 2, 4
76, 3, 4
76, 4, 4
76, 5, 4
76, 6, 4
76, 7, 4
76, 8, 4
76, 9, 4
76, 10, 4
76, 11, 4
76, 12, 4
76, 13, 4
76, 14, 4
76, 15, 4
76, 16, 4
76, 17, 4
76, 18, 4
76, 19, 4
76, 20, 4
76, 21, 4
76, 22, 4
76, 23, 4
76, 24, 4
76, 25, 4
76, 26, 4
76, 27, 4
76, 28, 4
76, 29, 4
76, 30, 4
76, 31, 8
76, 32, 8
76, 49, 8
76, 50, 8
76, 51, 8
76, 52, 8
76, 53, 8
76, 54, 8
76, 55, 8
76, 56, 8
76, 57, 8
76, 58, 8
76, 59, 8
76, 60, 8
76, 61, 8
76, 62, 8
76, 63, 8
76, 64, 8
76, 65, 8
76, 66, 8
76, 67, 8
76, 68, 8
76, 69, 8
76, 70, 8
76, 71, 8
76, 72, 8
76, 73, 8
76, 74, 8
76, 75, 8
76, 76, 8
76, 77, 8
76, 78, 8
76, 79, 8
76, 80, 8
77, 1, 4
77, 2, 4
77, 3, 4
77, 4, 4
77, 5, 4
77, 6, 4
77, 7, 4
77, 8, 4
77, 9, 4
77, 10, 4
77, 11, 4
77, 12, 4
77, 13, 4
77, 14, 4
77, 15, 4
77, 16, 4
77, 17, 4
77, 18, 4
77, 19, 4
77, 20, 4
77, 21, 4
77, 22, 4
77, 23, 4
77, 24, 4
77, 25, 4
77, 26, 4
77, 27, 4
77, 28, 4
77, 29, 4
77, 30, 4
77, 31, 8
77, 32, 8
77, 49, 8
77, 50, 8
77, 51, 8
77, 52, 8
77, 53, 8
77, 54, 8
77, 55, 8
77, 56, 8
77, 57, 8
77, 58, 8
77, 59, 8
77, 60, 8
77, 61, 8
77, 62, 8
77, 63, 8
77, 64, 8
77, 65, 8
77, 66, 8
77, 67, 8
77, 68, 8
77, 69, 8
77, 70, 8
77, 71, 8
77, 72, 8
77, 73, 8
77, 74, 8
77, 75, 8
77, 76, 8
77, 77, 8
77, 78, 8
77, 79, 8
77, 80, 8
78, 1, 4
78, 2, 4
78, 3, 4
78, 4, 4
78, 5, 4
78, 6, 4
78, 7, 4
78, 8, 4
78, 9, 4
78, 10, 4
78, 11, 4
78, 12, 4
78, 13, 4
78, 14, 4
78, 15, 4
78, 16, 4
78, 17, 4
78, 18, 4
78, 19, 4
78, 20, 4
78, 21, 4
78, 22, 4
78, 23, 4
78, 24, 4
78, 25, 4
78, 26, 4
78, 27, 4
78, 28, 4
78, 29, 4
78, 30, 4
78, 31, 8
78, 49, 8
78, 50, 8
78, 51, 8
78, 52, 8
78, 53, 8
78, 54, 8
78, 55, 8
78, 56, 8
78, 57, 8
78, 58, 8
78, 59, 8
78, 60, 8
78, 61, 8
78, 62, 8
78, 63, 8
78, 64, 8
78, 65, 8
78, 66, 8
78, 67, 8
78, 68, 8
78, 69, 8
78, 70, 8
78, 71, 8
78, 72, 8
78, 73, 8
78, 74, 8
78, 75, 8
78, 76, 8
78, 77, 8
78, 78, 8
78, 79, 8
78, 80, 8
79, 1, 4
79, 2, 4
79, 3, 4
79, 4, 4
79, 5, 4
79, 6, 4
79, 7, 4
79, 8, 4
79, 9, 4
79, 10, 4
79, 11, 4
79, 12, 4
79, 13, 4
79, 14, 4
79, 15, 4
79, 16, 4
79, 17, 4
79, 18, 4
79, 19, 4
79, 20, 4
79, 21, 4
79, 22, 4
79, 23, 4
79, 24, 4
79, 25, 4
79, 26, 4
79, 27, 4
79, 28, 4
79, 29, 4
79, 30, 4
79, 31, 8
79, 49, 8
79, 50, 8
79, 51, 8
79, 52, 8
79, 53, 8
79, 54, 8
79, 55, 8
79, 56, 8
79, 57, 8
79, 58, 8
79, 59, 8
79, 60, 8
79, 61, 8
79, 62, 8
79, 63, 8
79, 64, 8
79, 65, 8
79, 66, 8
79, 67, 8
79, 68, 8
79, 69, 8
79, 70, 8
79, 71, 8
79, 72, 8
79, 73, 8
79, 74, 8
79, 75, 8
79, 76, 8
79, 77, 8
79, 78, 8
79, 79, 8
79, 80, 8
